Feature,"{'id': '1', 'taken': '1', 'ParkId': '1'}","{'type': 'MultiPolygon', 'coordinates': [[[[34.77335540083336, 32.013456427435806], [34.7733474473401, 32.01342126793475], [34.77332693805281, 32.013424567227524], [34.773334607855745, 32.01345992556246], [34.77335540083336, 32.013456427435806]]]]}"
Feature,"{'id': '2', 'taken': '0', 'ParkId': '1'}","{'type': 'MultiPolygon', 'coordinates': [[[[34.77325961998506, 32.0137306447058], [34.77323435418514, 32.01358546683003], [34.77315234312922, 32.01359712413068], [34.77318899049482, 32.01377549471712], [34.77320694103734, 32.013770515126225], [34.77325591720888, 32.013732557481006], [34.77325961998506, 32.0137306447058]]]]}"
Feature,"{'id': '3', 'taken': '0', 'ParkId': '1'}","{'type': 'MultiPolygon', 'coordinates': [[[[34.773066715341145, 32.013747065079684], [34.77307517644783, 32.01378828097514], [34.77311258988339, 32.013780051512384], [34.77310162010729, 32.01374056710916], [34.773066715341145, 32.013747065079684]]]]}"
Feature,"{'id': '4', 'taken': '0', 'ParkId': '1'}","{'type': 'MultiPolygon', 'coordinates': [[[[34.772998385633336, 32.01347756503802], [34.77300513945137, 32.0135168529949], [34.77302711195848, 32.013513432085155], [34.773018892029874, 32.01347437423181], [34.772998385633336, 32.01347756503802]]]]}"
Feature,"{'id': '5', 'taken': '0', 'ParkId': '1'}","{'type': 'MultiPolygon', 'coordinates': [[[[34.773179856156595, 32.01353154994149], [34.77317681498075, 32.01351546387236], [34.77313250620044, 32.013521992559234], [34.77313596113732, 32.01353794216849], [34.773179856156595, 32.01353154994149]]]]}"
Feature,"{'id': '6', 'taken': '0', 'ParkId': '1'}","{'type': 'MultiPolygon', 'coordinates': [[[[34.77322281397067, 32.013524163034404], [34.77322063442849, 32.013509550660416], [34.773176704174936, 32.01351555782717], [34.77317952373914, 32.01353032852912], [34.77322281397067, 32.013524163034404]]]]}"
Feature,"{'id': '7', 'taken': '0', 'ParkId': '1'}","{'type': 'MultiPolygon', 'coordinates': [[[[34.77326739526726, 32.013518589614456], [34.77326446834754, 32.01350366650975], [34.77322063594381, 32.01350955306176], [34.773222786269216, 32.01352395457219], [34.77326739526726, 32.013518589614456]]]]}"
Feature,"{'id': '8', 'taken': '0', 'ParkId': '1'}","{'type': 'MultiPolygon', 'coordinates': [[[[34.77331075386294, 32.01351262664171], [34.77330810955498, 32.013497198349654], [34.773264579153356, 32.01350347860012], [34.77326761687889, 32.013518777523956], [34.77331075386294, 32.01351262664171]]]]}"
Feature,"{'id': '9', 'taken': '0', 'ParkId': '1'}","{'type': 'MultiPolygon', 'coordinates': [[[[34.77335622417551, 32.01350518416281], [34.773352544411, 32.013491148759385], [34.77330833116662, 32.013497292304486], [34.77331108628039, 32.01351243873207], [34.77335622417551, 32.01350518416281]]]]}"
Feature,"{'id': '10', 'taken': '0', 'ParkId': '1'}","{'type': 'MultiPolygon', 'coordinates': [[[[34.773118172379235, 32.01362433071243], [34.773155353699046, 32.01361788974053], [34.77315207187911, 32.01360052740966], [34.773114488402385, 32.01360578070359], [34.773118172379235, 32.01362433071243]]]]}"
Feature,"{'id': '11', 'taken': '0', 'ParkId': '1'}","{'type': 'MultiPolygon', 'coordinates': [[[[34.773295150633814, 32.01370554711957], [34.773255860671384, 32.013709043601686], [34.77325961998506, 32.0137306447058], [34.77329744168915, 32.01372637996671], [34.773295150633814, 32.01370554711957]]]]}"
Feature,"{'id': '12', 'taken': '0', 'ParkId': '1'}","{'type': 'MultiPolygon', 'coordinates': [[[[34.77325194061167, 32.013546983317816], [34.773259358867094, 32.013583219800566], [34.77327975926726, 32.01358001929754], [34.77327339355846, 32.01354389001115], [34.77325194061167, 32.013546983317816]]]]}"
Feature,"{'id': '13', 'taken': '1', 'ParkId': '1'}","{'type': 'MultiPolygon', 'coordinates': [[[[34.77337883029896, 32.01352934911236], [34.773385534866094, 32.0135654419672], [34.7734105679679, 32.01356186975324], [34.77340323247341, 32.013525842942194], [34.77337883029896, 32.01352934911236]]]]}"
Feature,"{'id': '14', 'taken': '0', 'ParkId': '1'}","{'type': 'MultiPolygon', 'coordinates': [[[[34.77285994064559, 32.01380601968769], [34.77280828304622, 32.013816346177826], [34.77281288784716, 32.01383442768514], [34.772864805698006, 32.01382533075937], [34.77285994064559, 32.01380601968769]]]]}"
Feature,"{'id': '15', 'taken': '0', 'ParkId': '1'}","{'type': 'MultiPolygon', 'coordinates': [[[[34.772895388421595, 32.01356004959859], [34.77289833061037, 32.01357650229094], [34.77293779310679, 32.013569322549856], [34.772937738302545, 32.01356900588807], [34.77293463573964, 32.01355303357842], [34.772895388421595, 32.01356004959859]]]]}"
Feature,"{'id': '16', 'taken': '0', 'ParkId': '1'}","{'type': 'MultiPolygon', 'coordinates': [[[[34.77301906076985, 32.01353919416873], [34.77302197346781, 32.01355564703178], [34.7730606210391, 32.0135491989963], [34.77305882136006, 32.013532337101665], [34.77301906076985, 32.01353919416873]]]]}"
Feature,"{'id': '1', 'taken': '0', 'ParkId': '2'}","{'type': 'MultiPolygon', 'coordinates': [[[[34.7740234627292, 32.01342776910288], [34.77397332671961, 32.01339885926078], [34.77394468826542, 32.01340325767068], [34.773994848462586, 32.01343220532407], [34.7740234627292, 32.01342776910288]]]]}"
Feature,"{'id': '2', 'taken': '0', 'ParkId': '2'}","{'type': 'MultiPolygon', 'coordinates': [[[[34.77407765615825, 32.01345901856788], [34.77402346272921, 32.01342776910288], [34.77399484846259, 32.01343220532408], [34.774048729920786, 32.013463300532315], [34.77407765615825, 32.01345901856788]]]]}"
Feature,"{'id': '3', 'taken': '0', 'ParkId': '2'}","{'type': 'MultiPolygon', 'coordinates': [[[[34.77405498291851, 32.01342288236111], [34.774005238028, 32.01339395819266], [34.77397332671961, 32.01339885926078], [34.7740234627292, 32.01342776910288], [34.77405498291851, 32.01342288236111]]]]}"
Feature,"{'id': '4', 'taken': '0', 'ParkId': '2'}","{'type': 'MultiPolygon', 'coordinates': [[[[34.77410912081086, 32.01345436084066], [34.77405498291851, 32.01342288236112], [34.77402346272921, 32.01342776910288], [34.77407765615825, 32.01345901856788], [34.77410912081086, 32.01345436084066]]]]}"
Feature,"{'id': '5', 'taken': '0', 'ParkId': '2'}","{'type': 'MultiPolygon', 'coordinates': [[[[34.77408352551775, 32.01341845725089], [34.774034596029246, 32.0133894492718], [34.774005238028, 32.01339395819266], [34.77405498291851, 32.01342288236111], [34.77408352551775, 32.01341845725089]]]]}"
Feature,"{'id': '6', 'taken': '0', 'ParkId': '2'}","{'type': 'MultiPolygon', 'coordinates': [[[[34.77413710005561, 32.01345021906], [34.77408352551776, 32.01341845725089], [34.77405498291851, 32.01342288236112], [34.77410912081086, 32.01345436084066], [34.77413710005561, 32.01345021906]]]]}"
Feature,"{'id': '7', 'taken': '0', 'ParkId': '2'}","{'type': 'MultiPolygon', 'coordinates': [[[[34.774115579576964, 32.01341348774045], [34.77406580329718, 32.013384656333066], [34.774034596029246, 32.0133894492718], [34.77408352551775, 32.01341845725089], [34.774115579576964, 32.01341348774045]]]]}"
Feature,"{'id': '8', 'taken': '0', 'ParkId': '2'}","{'type': 'MultiPolygon', 'coordinates': [[[[34.77416850162976, 32.01344414124188], [34.774115579576964, 32.01341348774045], [34.77408352551776, 32.01341845725089], [34.77413710005561, 32.01345021906], [34.77416877419688, 32.01344553032208], [34.77416850162976, 32.01344414124188]]]]}"
Feature,"{'id': '9', 'taken': '0', 'ParkId': '2'}","{'type': 'MultiPolygon', 'coordinates': [[[[34.77391388019146, 32.01340798929959], [34.77396417424816, 32.01343696090988], [34.773994848462586, 32.01343220532407], [34.77394468826542, 32.01340325767068], [34.77391388019146, 32.01340798929959]]]]}"
Feature,"{'id': '10', 'taken': '0', 'ParkId': '2'}","{'type': 'MultiPolygon', 'coordinates': [[[[34.773964174248164, 32.013436960909885], [34.774017837811556, 32.01346787350567], [34.77401814144934, 32.01346782855803], [34.774048729920786, 32.013463300532315], [34.77399484846259, 32.01343220532408], [34.773964174248164, 32.013436960909885]]]]}"
Feature,"{'id': '11', 'taken': '0', 'ParkId': '2'}","{'type': 'MultiPolygon', 'coordinates': [[[[34.7738148636498, 32.01346010932216], [34.773867594702764, 32.01349011406322], [34.77389694180027, 32.01348576979867], [34.773897363387796, 32.01348570739087], [34.77384459545318, 32.01345549984333], [34.77384410942536, 32.0134555751948], [34.7738148636498, 32.01346010932216]]]]}"
Feature,"{'id': '12', 'taken': '1', 'ParkId': '2'}","{'type': 'MultiPolygon', 'coordinates': [[[[34.773787209444535, 32.01346439669996], [34.773839332699104, 32.01349429770081], [34.77383949090225, 32.013494274281925], [34.773866849671826, 32.01349022435049], [34.773867594702764, 32.01349011406322], [34.7738148636498, 32.01346010932216], [34.7738148295282, 32.013460114612215], [34.77378757145914, 32.01346434057492], [34.773787209444535, 32.01346439669996]]]]}"
Feature,"{'id': '13', 'taken': '0', 'ParkId': '2'}","{'type': 'MultiPolygon', 'coordinates': [[[[34.77385412440311, 32.01341716683583], [34.77390466686771, 32.01344618665401], [34.77393564437726, 32.01344138404676], [34.77388490606807, 32.01341243926293], [34.77385412440311, 32.01341716683583]]]]}"
Feature,"{'id': '14', 'taken': '0', 'ParkId': '2'}","{'type': 'MultiPolygon', 'coordinates': [[[[34.773904666867715, 32.013446186654015], [34.773957892748456, 32.013476747201345], [34.77398944599116, 32.013472076360095], [34.77393564437727, 32.013441384046764], [34.7739352163018, 32.013441450413566], [34.773904666867715, 32.013446186654015]]]]}"
Feature,"{'id': '15', 'taken': '0', 'ParkId': '2'}","{'type': 'MultiPolygon', 'coordinates': [[[[34.77388490606807, 32.01341243926293], [34.77393564437726, 32.01344138404676], [34.77396417424816, 32.01343696090988], [34.77391388019146, 32.01340798929959], [34.77388490606807, 32.01341243926293]]]]}"
Feature,"{'id': '16', 'taken': '0', 'ParkId': '2'}","{'type': 'MultiPolygon', 'coordinates': [[[[34.77393564437727, 32.013441384046764], [34.77398944599116, 32.013472076360095], [34.773989900661405, 32.01347200905505], [34.774017837811556, 32.01346787350567], [34.773964174248164, 32.013436960909885], [34.77396332625385, 32.01343709237893], [34.77393564437727, 32.013441384046764]]]]}"
Feature,"{'id': '17', 'taken': '0', 'ParkId': '2'}","{'type': 'MultiPolygon', 'coordinates': [[[[34.77387649277585, 32.013450554632584], [34.77382540259678, 32.013421578047286], [34.77379381410262, 32.01342642953629], [34.77384459545318, 32.01345549984333], [34.77387649277585, 32.013450554632584]]]]}"
Feature,"{'id': '18', 'taken': '0', 'ParkId': '2'}","{'type': 'MultiPolygon', 'coordinates': [[[[34.77392996377992, 32.0134808815396], [34.773876492775855, 32.013450554632584], [34.77387606292438, 32.013450621274735], [34.77384459545318, 32.01345549984333], [34.773897363387796, 32.01348570739087], [34.773929560175745, 32.013480941285316], [34.77392996377992, 32.0134808815396]]]]}"
Feature,"{'id': '19', 'taken': '0', 'ParkId': '2'}","{'type': 'MultiPolygon', 'coordinates': [[[[34.773876492775855, 32.013450554632584], [34.77392996377992, 32.0134808815396], [34.77395674719927, 32.01347691677753], [34.773957892748456, 32.013476747201345], [34.773904666867715, 32.013446186654015], [34.77390407410053, 32.01344627855385], [34.773876492775855, 32.013450554632584]]]]}"
Feature,"{'id': '20', 'taken': '0', 'ParkId': '2'}","{'type': 'MultiPolygon', 'coordinates': [[[[34.77382540259678, 32.013421578047286], [34.77387649277585, 32.013450554632584], [34.77390466686771, 32.01344618665401], [34.77385412440311, 32.01341716683583], [34.77382540259678, 32.013421578047286]]]]}"
Feature,"{'id': '21', 'taken': '0', 'ParkId': '2'}","{'type': 'MultiPolygon', 'coordinates': [[[[34.77414942312223, 32.013408240796515], [34.774095396105764, 32.01338011134955], [34.77406580329718, 32.013384656333066], [34.774115579576964, 32.01341348774045], [34.77414942312223, 32.013408240796515]]]]}"
Feature,"{'id': '22', 'taken': '0', 'ParkId': '2'}","{'type': 'MultiPolygon', 'coordinates': [[[[34.774205238780596, 32.013356907521015], [34.77424977523916, 32.01334976735254], [34.77424483749065, 32.01332752629777], [34.77420127682714, 32.01333546235657], [34.774205238780596, 32.013356907521015]]]]}"
Feature,"{'id': '23', 'taken': '0', 'ParkId': '2'}","{'type': 'MultiPolygon', 'coordinates': [[[[34.77371814926412, 32.01354041357385], [34.77371848452031, 32.01354205890212], [34.77371930134, 32.01354193494492], [34.77371895993501, 32.01354029466097], [34.77371814926412, 32.01354041357385]]]]}"
Feature,"{'id': '24', 'taken': '1', 'ParkId': '2'}","{'type': 'MultiPolygon', 'coordinates': [[[[34.77416490225807, 32.01347488182259], [34.77416917563544, 32.0134977275258], [34.77422267910177, 32.013489658505684], [34.77421750320225, 32.01346716607801], [34.77416490225807, 32.01347488182259]]]]}"
Feature,"{'id': '25', 'taken': '0', 'ParkId': '2'}","{'type': 'MultiPolygon', 'coordinates': [[[[34.7736694077501, 32.01353141181335], [34.77367288356265, 32.01354897911598], [34.77371848452031, 32.01354205890212], [34.77371814926412, 32.01354041357385], [34.77371806518215, 32.01354042590737], [34.77371478643763, 32.01352510131827], [34.7736694077501, 32.01353141181335]]]]}"
Feature,"{'id': '26', 'taken': '0', 'ParkId': '2'}","{'type': 'MultiPolygon', 'coordinates': [[[[34.77383886688629, 32.01336565227459], [34.773798553383514, 32.01339822819012], [34.77383576879084, 32.01339239513859], [34.77387511180046, 32.01336016745627], [34.77383886688629, 32.01336565227459]]]]}"
Feature,"{'id': '27', 'taken': '0', 'ParkId': '2'}","{'type': 'MultiPolygon', 'coordinates': [[[[34.77410825653792, 32.01332488646429], [34.77407984228294, 32.01335413965898], [34.77411271983768, 32.01334898651181], [34.77414346145492, 32.01331955902517], [34.77410825653792, 32.01332488646429]]]]}"
Feature,"{'id': '28', 'taken': '0', 'ParkId': '2'}","{'type': 'MultiPolygon', 'coordinates': [[[[34.77379674728349, 32.01355389457576], [34.77379108859086, 32.013529714503264], [34.77373777393018, 32.013537534939005], [34.77374352589658, 32.013561921054624], [34.77379674728349, 32.01355389457576]]]]}"
Feature,"{'id': '29', 'taken': '1', 'ParkId': '2'}","{'type': 'MultiPolygon', 'coordinates': [[[[34.773850254346755, 32.01354582501317], [34.773844587186765, 32.01352186708707], [34.77379108859086, 32.013529714503264], [34.77379674728349, 32.01355389457576], [34.773850254346755, 32.01354582501317]]]]}"
Feature,"{'id': '30', 'taken': '0', 'ParkId': '2'}","{'type': 'MultiPolygon', 'coordinates': [[[[34.773903521930215, 32.01353779156726], [34.77389805832056, 32.013514023699145], [34.773844587186765, 32.01352186708707], [34.773850254346755, 32.01354582501317], [34.773903521930215, 32.01353779156726]]]]}"
Feature,"{'id': '31', 'taken': '0', 'ParkId': '2'}","{'type': 'MultiPolygon', 'coordinates': [[[[34.77395613793811, 32.013529856387436], [34.773951597663, 32.013506170306066], [34.77389805832056, 32.013514023699145], [34.773903521930215, 32.01353779156726], [34.77395613793811, 32.013529856387436]]]]}"
Feature,"{'id': '32', 'taken': '0', 'ParkId': '2'}","{'type': 'MultiPolygon', 'coordinates': [[[[34.77400831904206, 32.013521986796796], [34.774003641843585, 32.01349853623009], [34.773951597663, 32.013506170306066], [34.77395613793811, 32.013529856387436], [34.77400831904206, 32.013521986796796]]]]}"
Feature,"{'id': '33', 'taken': '1', 'ParkId': '2'}","{'type': 'MultiPolygon', 'coordinates': [[[[34.774064536730535, 32.013513508436596], [34.77405934554943, 32.013490365358386], [34.774003641843585, 32.01349853623009], [34.77400831904206, 32.013521986796796], [34.774064536730535, 32.013513508436596]]]]}"
Feature,"{'id': '34', 'taken': '0', 'ParkId': '2'}","{'type': 'MultiPolygon', 'coordinates': [[[[34.77411660685201, 32.013505655583565], [34.77411200546827, 32.01348264096314], [34.77405934554943, 32.013490365358386], [34.774064536730535, 32.013513508436596], [34.77411660685201, 32.013505655583565]]]]}"
Feature,"{'id': '35', 'taken': '0', 'ParkId': '2'}","{'type': 'MultiPolygon', 'coordinates': [[[[34.77416917563544, 32.0134977275258], [34.77416490225807, 32.01347488182259], [34.77411200546827, 32.01348264096314], [34.77411660685201, 32.013505655583565], [34.77416917563544, 32.0134977275258]]]]}"
Feature,"{'id': '36', 'taken': '0', 'ParkId': '2'}","{'type': 'MultiPolygon', 'coordinates': [[[[34.774269979173425, 32.013440771745955], [34.7742221437479, 32.013448410313224], [34.77422534998402, 32.01346576494944], [34.77427389000021, 32.01345838724672], [34.774269979173425, 32.013440771745955]]]]}"
Feature,"{'id': '37', 'taken': '0', 'ParkId': '2'}","{'type': 'MultiPolygon', 'coordinates': [[[[34.774265939701365, 32.013422576789495], [34.774218719852705, 32.013429877537334], [34.7742221437479, 32.013448410313224], [34.774269979173425, 32.013440771745955], [34.774265939701365, 32.013422576789495]]]]}"
Feature,"{'id': '38', 'taken': '0', 'ParkId': '2'}","{'type': 'MultiPolygon', 'coordinates': [[[[34.774261874427424, 32.01340426561385], [34.774215329198896, 32.0134115246896], [34.774218719852705, 32.013429877537334], [34.774265939701365, 32.013422576789495], [34.774261874427424, 32.01340426561385]]]]}"
Feature,"{'id': '39', 'taken': '0', 'ParkId': '2'}","{'type': 'MultiPolygon', 'coordinates': [[[[34.774257873508354, 32.013386244311256], [34.77421186005002, 32.01339274696571], [34.774215329198896, 32.0134115246896], [34.774261874427424, 32.01340426561385], [34.774257873508354, 32.013386244311256]]]]}"
Feature,"{'id': '40', 'taken': '0', 'ParkId': '2'}","{'type': 'MultiPolygon', 'coordinates': [[[[34.77425384291804, 32.01336808936076], [34.774208476844365, 32.01337443443312], [34.77421186005002, 32.01339274696571], [34.774257873508354, 32.013386244311256], [34.77425384291804, 32.01336808936076]]]]}"
Feature,"{'id': '41', 'taken': '0', 'ParkId': '2'}","{'type': 'MultiPolygon', 'coordinates': [[[[34.77424977523916, 32.01334976735254], [34.774205238780596, 32.013356907521015], [34.774208476844365, 32.01337443443312], [34.77425384291804, 32.01336808936076], [34.77424977523916, 32.01334976735254]]]]}"
Feature,"{'id': '42', 'taken': '0', 'ParkId': '2'}","{'type': 'MultiPolygon', 'coordinates': [[[[34.77417763621265, 32.01331438747651], [34.77414636582679, 32.01334371292212], [34.774178945671906, 32.01333860643723], [34.774211618830314, 32.013309245003754], [34.77417763621265, 32.01331438747651]]]]}"
Feature,"{'id': '43', 'taken': '0', 'ParkId': '2'}","{'type': 'MultiPolygon', 'coordinates': [[[[34.77414346145492, 32.01331955902517], [34.77411271983768, 32.01334898651181], [34.77414636582679, 32.01334371292212], [34.77417763621265, 32.01331438747651], [34.77414346145492, 32.01331955902517]]]]}"
Feature,"{'id': '44', 'taken': '0', 'ParkId': '2'}","{'type': 'MultiPolygon', 'coordinates': [[[[34.77407413924594, 32.01333004931685], [34.77404722027087, 32.01335925275301], [34.77407984228294, 32.01335413965898], [34.77410825653792, 32.01332488646429], [34.77407413924594, 32.01333004931685]]]]}"
Feature,"{'id': '45', 'taken': '0', 'ParkId': '2'}","{'type': 'MultiPolygon', 'coordinates': [[[[34.77404722027087, 32.01335925275301], [34.77407413924594, 32.01333004931685], [34.77404149498691, 32.01333498926039], [34.77401004989801, 32.01336507874595], [34.77404722027087, 32.01335925275301]]]]}"
Feature,"{'id': '46', 'taken': '0', 'ParkId': '2'}","{'type': 'MultiPolygon', 'coordinates': [[[[34.773801642204496, 32.01337128535777], [34.77376560973289, 32.013403391697], [34.773798553383514, 32.01339822819012], [34.77383886688629, 32.01336565227459], [34.773801642204496, 32.01337128535777]]]]}"
Feature,"{'id': '47', 'taken': '0', 'ParkId': '2'}","{'type': 'MultiPolygon', 'coordinates': [[[[34.773767391522696, 32.013376468395755], [34.7737292492861, 32.013409090744105], [34.77376560973289, 32.013403391697], [34.773801642204496, 32.01337128535777], [34.773767391522696, 32.013376468395755]]]]}"
Feature,"{'id': '48', 'taken': '0', 'ParkId': '2'}","{'type': 'MultiPolygon', 'coordinates': [[[[34.77372391179884, 32.013383048032956], [34.773728214097304, 32.01340925299705], [34.7737292492861, 32.013409090744105], [34.773767391522696, 32.013376468395755], [34.77372391179884, 32.013383048032956]]]]}"
Feature,"{'id': '49', 'taken': '0', 'ParkId': '2'}","{'type': 'MultiPolygon', 'coordinates': [[[[34.77364778364897, 32.01342212020929], [34.77365149813391, 32.01344089379967], [34.773695288345586, 32.01343396879886], [34.77369124022154, 32.01341504819152], [34.77369283925312, 32.013414797563236], [34.77369283030319, 32.01341475456317], [34.77364778364897, 32.01342212020929]]]]}"
Feature,"{'id': '50', 'taken': '0', 'ParkId': '2'}","{'type': 'MultiPolygon', 'coordinates': [[[[34.77365149813391, 32.01344089379967], [34.773654994405476, 32.01345856450543], [34.77369904860726, 32.013451543960535], [34.773695288345586, 32.01343396879886], [34.77365149813391, 32.01344089379967]]]]}"
Feature,"{'id': '51', 'taken': '1', 'ParkId': '2'}","{'type': 'MultiPolygon', 'coordinates': [[[[34.773654994405476, 32.01345856450543], [34.77365875985939, 32.01347759570102], [34.7737030654123, 32.01347031818532], [34.77369904860726, 32.013451543960535], [34.773654994405476, 32.01345856450543]]]]}"
Feature,"{'id': '52', 'taken': '1', 'ParkId': '2'}","{'type': 'MultiPolygon', 'coordinates': [[[[34.77365875985939, 32.01347759570102], [34.77366226588399, 32.01349531570013], [34.77370689094832, 32.013488198434054], [34.7737030654123, 32.01347031818532], [34.77365875985939, 32.01347759570102]]]]}"
Feature,"{'id': '53', 'taken': '0', 'ParkId': '2'}","{'type': 'MultiPolygon', 'coordinates': [[[[34.77366226588399, 32.01349531570013], [34.773665894714206, 32.013513656378066], [34.77371077139248, 32.01350633531904], [34.77370689094832, 32.013488198434054], [34.77366226588399, 32.01349531570013]]]]}"
Feature,"{'id': '54', 'taken': '0', 'ParkId': '2'}","{'type': 'MultiPolygon', 'coordinates': [[[[34.773665894714206, 32.013513656378066], [34.7736694077501, 32.01353141181335], [34.77371478643763, 32.01352510131827], [34.77371077139248, 32.01350633531904], [34.773665894714206, 32.013513656378066]]]]}"
Feature,"{'id': '1', 'taken': '0', 'ParkId': '3'}","{'type': 'MultiPolygon', 'coordinates': [[[[34.7742893248401, 32.01462568395751], [34.77431119251334, 32.014624219354026], [34.774307897171276, 32.01458739138744], [34.77428649672167, 32.014589626805865], [34.7742893248401, 32.01462568395751]]]]}"
Feature,"{'id': '2', 'taken': '1', 'ParkId': '3'}","{'type': 'MultiPolygon', 'coordinates': [[[[34.774294162051646, 32.01468735608159], [34.77429784465108, 32.01473430745568], [34.77432087621434, 32.01473244211525], [34.77431670100436, 32.01468578095205], [34.774294162051646, 32.01468735608159]]]]}"
Feature,"{'id': '3', 'taken': '1', 'ParkId': '3'}","{'type': 'MultiPolygon', 'coordinates': [[[[34.774338440315795, 32.01468426170526], [34.77431670100436, 32.01468578095205], [34.77432087621434, 32.01473244211525], [34.77434211471892, 32.01473072199575], [34.774338440315795, 32.01468426170526]]]]}"
Feature,"{'id': '4', 'taken': '1', 'ParkId': '3'}","{'type': 'MultiPolygon', 'coordinates': [[[[34.77436056555119, 32.01468271548826], [34.774338440315795, 32.01468426170526], [34.77434211471892, 32.01473072199575], [34.77436424660203, 32.01472892952097], [34.77436056555119, 32.01468271548826]]]]}"
Feature,"{'id': '5', 'taken': '1', 'ParkId': '3'}","{'type': 'MultiPolygon', 'coordinates': [[[[34.77438129219985, 32.014681267011184], [34.77436056555119, 32.01468271548826], [34.77436424660203, 32.01472892952097], [34.77438401832539, 32.014727328196976], [34.77438129219985, 32.014681267011184]]]]}"
Feature,"{'id': '6', 'taken': '1', 'ParkId': '3'}","{'type': 'MultiPolygon', 'coordinates': [[[[34.77440237026436, 32.01467979397548], [34.77438129219985, 32.014681267011184], [34.77438401832539, 32.014727328196976], [34.77440489965634, 32.014725637005185], [34.77440237026436, 32.01467979397548]]]]}"
Feature,"{'id': '7', 'taken': '1', 'ParkId': '3'}","{'type': 'MultiPolygon', 'coordinates': [[[[34.77431119251334, 32.014624219354026], [34.77433357320035, 32.014622720391074], [34.77433068697518, 32.0145862260666], [34.77430803875435, 32.01458737659815], [34.774307897171276, 32.01458739138744], [34.77431119251334, 32.014624219354026]]]]}"
Feature,"{'id': '8', 'taken': '0', 'ParkId': '3'}","{'type': 'MultiPolygon', 'coordinates': [[[[34.77433357320035, 32.014622720391074], [34.77435566893223, 32.0146212405132], [34.774352790514975, 32.01458510320489], [34.77433068697518, 32.0145862260666], [34.77433357320035, 32.014622720391074]]]]}"
Feature,"{'id': '9', 'taken': '0', 'ParkId': '3'}","{'type': 'MultiPolygon', 'coordinates': [[[[34.77435566893223, 32.0146212405132], [34.774377652397675, 32.014619768154446], [34.774375532381335, 32.01458394791613], [34.774352790514975, 32.01458510320489], [34.77435566893223, 32.0146212405132]]]]}"
Feature,"{'id': '10', 'taken': '0', 'ParkId': '3'}","{'type': 'MultiPolygon', 'coordinates': [[[[34.774377652397675, 32.014619768154446], [34.77439897952395, 32.0146183397545], [34.77439702171974, 32.014582856255906], [34.774375532381335, 32.01458394791613], [34.774377652397675, 32.014619768154446]]]]}"
Feature,"{'id': '11', 'taken': '0', 'ParkId': '3'}","{'type': 'MultiPolygon', 'coordinates': [[[[34.774265800701066, 32.014627259504], [34.7742893248401, 32.01462568395751], [34.77428649672167, 32.014589626805865], [34.774263100326706, 32.01459207071398], [34.774265800701066, 32.014627259504]]]]}"
Feature,"{'id': '12', 'taken': '1', 'ParkId': '3'}","{'type': 'MultiPolygon', 'coordinates': [[[[34.77425828910628, 32.01468986305414], [34.77426123191987, 32.014737272743226], [34.77429784465108, 32.01473430745568], [34.774294162051646, 32.01468735608159], [34.77425828910628, 32.01468986305414]]]]}"
Feature,"{'id': '13', 'taken': '0', 'ParkId': '3'}","{'type': 'MultiPolygon', 'coordinates': [[[[34.77413374860019, 32.01477694778069], [34.77413190629391, 32.014731537927695], [34.77396432650451, 32.01474500357927], [34.77397485631126, 32.01479450521663], [34.77413374860019, 32.01477694778069]]]]}"
Feature,"{'id': '14', 'taken': '0', 'ParkId': '3'}","{'type': 'MultiPolygon', 'coordinates': [[[[34.77479359751761, 32.01489355357036], [34.77476798345594, 32.01491825827749], [34.774810296225674, 32.014945327575205], [34.77484163817394, 32.0149286812436], [34.77479359751761, 32.01489355357036]]]]}"
Feature,"{'id': '15', 'taken': '0', 'ParkId': '3'}","{'type': 'MultiPolygon', 'coordinates': [[[[34.77439897952395, 32.014618339754456], [34.77442058832213, 32.01461674700562], [34.77441894414942, 32.0145817425946], [34.77439702171974, 32.014582856255906], [34.77439897952395, 32.014618339754456]]]]}"
Feature,"{'id': '16', 'taken': '0', 'ParkId': '3'}","{'type': 'MultiPolygon', 'coordinates': [[[[34.77442058832213, 32.01461674700562], [34.77444171740013, 32.01461518961617], [34.77444022003673, 32.01458066177771], [34.77441894414942, 32.0145817425946], [34.77442058832213, 32.01461674700562]]]]}"
Feature,"{'id': '17', 'taken': '1', 'ParkId': '3'}","{'type': 'MultiPolygon', 'coordinates': [[[[34.774433944339485, 32.014723284658494], [34.77442989647148, 32.014677870312816], [34.77440237026436, 32.01467979397548], [34.77440489965634, 32.014725637005185], [34.774433944339485, 32.014723284658494]]]]}"
Feature,"{'id': '18', 'taken': '1', 'ParkId': '3'}","{'type': 'MultiPolygon', 'coordinates': [[[[34.774458060523045, 32.01472133147401], [34.77445442248491, 32.014676156318], [34.77442989647148, 32.014677870312816], [34.774433944339485, 32.014723284658494], [34.774458060523045, 32.01472133147401]]]]}"
Feature,"{'id': '19', 'taken': '1', 'ParkId': '3'}","{'type': 'MultiPolygon', 'coordinates': [[[[34.77448404327012, 32.01473660953474], [34.774480989058716, 32.01467429971909], [34.77445442248491, 32.014676156318], [34.774458060523045, 32.01472133147401], [34.774459925594286, 32.01472118042074], [34.77448404327012, 32.01473660953474]]]]}"
Feature,"{'id': '20', 'taken': '0', 'ParkId': '3'}","{'type': 'MultiPolygon', 'coordinates': [[[[34.77450386935993, 32.01474929313666], [34.774542667769715, 32.01471007193491], [34.77452556641382, 32.014697567300544], [34.77448608468195, 32.01473791551364], [34.77450386935993, 32.01474929313666]]]]}"
Feature,"{'id': '21', 'taken': '0', 'ParkId': '3'}","{'type': 'MultiPolygon', 'coordinates': [[[[34.77452245889692, 32.014761185662586], [34.77455902629613, 32.01472203340702], [34.774542667769715, 32.01471007193491], [34.77450386935993, 32.01474929313666], [34.77452245889692, 32.014761185662586]]]]}"
Feature,"{'id': '22', 'taken': '0', 'ParkId': '3'}","{'type': 'MultiPolygon', 'coordinates': [[[[34.77453928943445, 32.01477195288095], [34.77457652582052, 32.014734829185045], [34.77455902629613, 32.01472203340702], [34.77452245889692, 32.014761185662586], [34.77453928943445, 32.01477195288095]]]]}"
Feature,"{'id': '23', 'taken': '0', 'ParkId': '3'}","{'type': 'MultiPolygon', 'coordinates': [[[[34.77455814836904, 32.014784017752106], [34.77459319030283, 32.0147470143743], [34.77457652582052, 32.014734829185045], [34.77453928943445, 32.01477195288095], [34.77455814836904, 32.014784017752106]]]]}"
Feature,"{'id': '24', 'taken': '0', 'ParkId': '3'}","{'type': 'MultiPolygon', 'coordinates': [[[[34.77457541534841, 32.01479506418107], [34.77461059458624, 32.014759740511444], [34.77459319030283, 32.0147470143743], [34.77455814836904, 32.014784017752106], [34.77457541534841, 32.01479506418107]]]]}"
Feature,"{'id': '25', 'taken': '0', 'ParkId': '3'}","{'type': 'MultiPolygon', 'coordinates': [[[[34.77459364679473, 32.01480672762101], [34.77462670730664, 32.01477152224842], [34.77461059458624, 32.014759740511444], [34.77457541534841, 32.01479506418107], [34.77459364679473, 32.01480672762101]]]]}"
Feature,"{'id': '26', 'taken': '0', 'ParkId': '3'}","{'type': 'MultiPolygon', 'coordinates': [[[[34.774610931866704, 32.014817785624594], [34.774644374049856, 32.01478444029805], [34.77462670730664, 32.01477152224842], [34.77459364679473, 32.01480672762101], [34.774610931866704, 32.014817785624594]]]]}"
Feature,"{'id': '27', 'taken': '0', 'ParkId': '3'}","{'type': 'MultiPolygon', 'coordinates': [[[[34.77462926385455, 32.014829513385266], [34.77466093025379, 32.01479654631338], [34.774644374049856, 32.01478444029805], [34.774610931866704, 32.014817785624594], [34.77462926385455, 32.014829513385266]]]]}"
Feature,"{'id': '28', 'taken': '0', 'ParkId': '3'}","{'type': 'MultiPolygon', 'coordinates': [[[[34.77464713041191, 32.01484094339005], [34.77467772607292, 32.01480882753707], [34.77466093025379, 32.01479654631338], [34.77462926385455, 32.014829513385266], [34.77464713041191, 32.01484094339005]]]]}"
Feature,"{'id': '29', 'taken': '0', 'ParkId': '3'}","{'type': 'MultiPolygon', 'coordinates': [[[[34.774664671204484, 32.014852164989094], [34.774695561865144, 32.01482186919655], [34.77467772607292, 32.01480882753707], [34.77464713041191, 32.01484094339005], [34.774664671204484, 32.014852164989094]]]]}"
Feature,"{'id': '30', 'taken': '0', 'ParkId': '3'}","{'type': 'MultiPolygon', 'coordinates': [[[[34.77468280556703, 32.01486376632037], [34.77471183828437, 32.01483377063129], [34.774695561865144, 32.01482186919655], [34.774664671204484, 32.014852164989094], [34.77468280556703, 32.01486376632037]]]]}"
Feature,"{'id': '31', 'taken': '0', 'ParkId': '3'}","{'type': 'MultiPolygon', 'coordinates': [[[[34.774700223130836, 32.01487490908467], [34.77472910902166, 32.014846399118554], [34.77471183828437, 32.01483377063129], [34.77468280556703, 32.01486376632037], [34.774700223130836, 32.01487490908467]]]]}"
Feature,"{'id': '32', 'taken': '0', 'ParkId': '3'}","{'type': 'MultiPolygon', 'coordinates': [[[[34.774718545392965, 32.01488663062338], [34.77474498533935, 32.014858007996175], [34.77472910902166, 32.014846399118554], [34.774700223130836, 32.01487490908467], [34.774718545392965, 32.01488663062338]]]]}"
Feature,"{'id': '33', 'taken': '0', 'ParkId': '3'}","{'type': 'MultiPolygon', 'coordinates': [[[[34.77473651954254, 32.01489812945953], [34.77476335335981, 32.01487143882477], [34.77474498533935, 32.014858007996175], [34.774718545392965, 32.01488663062338], [34.77473651954254, 32.01489812945953]]]]}"
Feature,"{'id': '34', 'taken': '0', 'ParkId': '3'}","{'type': 'MultiPolygon', 'coordinates': [[[[34.77475806253903, 32.014911911440464], [34.774782473834, 32.014885419852945], [34.77476335335981, 32.01487143882477], [34.77473651954254, 32.01489812945953], [34.77475806253903, 32.014911911440464]]]]}"
Feature,"{'id': '35', 'taken': '0', 'ParkId': '3'}","{'type': 'MultiPolygon', 'coordinates': [[[[34.77476798345594, 32.01491825827749], [34.77479359751761, 32.01489355357036], [34.774782473834, 32.014885419852945], [34.77475806253903, 32.014911911440464], [34.77476798345594, 32.01491825827749]]]]}"
Feature,"{'id': '36', 'taken': '0', 'ParkId': '3'}","{'type': 'MultiPolygon', 'coordinates': [[[[34.77448019887111, 32.01463163821929], [34.774516358455664, 32.014657906640956], [34.77454040778433, 32.014633278950164], [34.77450539337169, 32.0146054160109], [34.77448019887111, 32.01463163821929]]]]}"
Feature,"{'id': '37', 'taken': '0', 'ParkId': '3'}","{'type': 'MultiPolygon', 'coordinates': [[[[34.77444120216434, 32.01460330874732], [34.77448019887111, 32.01463163821929], [34.77450539337169, 32.0146054160109], [34.774472241363334, 32.01457903509158], [34.77444022003673, 32.01458066177771], [34.77444120216434, 32.01460330874732]]]]}"
Feature,"{'id': '38', 'taken': '0', 'ParkId': '3'}","{'type': 'MultiPolygon', 'coordinates': [[[[34.774207800955594, 32.01472594681181], [34.77421169338219, 32.01478450835249], [34.77424915327597, 32.014781027887345], [34.774246605887946, 32.014738457314515], [34.77426123191987, 32.014737272743226], [34.774260349758144, 32.014723060829375], [34.774207800955594, 32.01472594681181]]]]}"
Feature,"{'id': '39', 'taken': '0', 'ParkId': '3'}","{'type': 'MultiPolygon', 'coordinates': [[[[34.77416270342722, 32.01472842356995], [34.77416618014798, 32.01478873706778], [34.774189835429674, 32.01478653921362], [34.77418496155891, 32.014727201152425], [34.77416270342722, 32.01472842356995]]]]}"
Feature,"{'id': '40', 'taken': '0', 'ParkId': '3'}","{'type': 'MultiPolygon', 'coordinates': [[[[34.77421169338219, 32.01478450835249], [34.774207800955594, 32.01472594681181], [34.77418496155891, 32.014727201152425], [34.774189835429674, 32.01478653921362], [34.77421169338219, 32.01478450835249]]]]}"
Feature,"{'id': '41', 'taken': '0', 'ParkId': '3'}","{'type': 'MultiPolygon', 'coordinates': [[[[34.774131029584304, 32.014730163098726], [34.77413591749287, 32.01479154882472], [34.77416618014798, 32.01478873706778], [34.77416270342722, 32.01472842356995], [34.774131029584304, 32.014730163098726]]]]}"
Feature,"{'id': '1', 'taken': '1', 'ParkId': '4'}","{'type': 'MultiPolygon', 'coordinates': [[[[34.77333845684992, 32.0157223185843], [34.773390032627304, 32.01571665641273], [34.77338152083954, 32.01564637130652], [34.773329377997904, 32.01565088806759], [34.77333845684992, 32.0157223185843]]]]}"
Feature,"{'id': '2', 'taken': '1', 'ParkId': '4'}","{'type': 'MultiPolygon', 'coordinates': [[[[34.77261134700742, 32.01579037284967], [34.772663768032146, 32.01578328481331], [34.77265415668897, 32.015709377655575], [34.77260038064327, 32.015714035889424], [34.77261134700742, 32.01579037284967]]]]}"
Feature,"{'id': '3', 'taken': '1', 'ParkId': '4'}","{'type': 'MultiPolygon', 'coordinates': [[[[34.77334979374561, 32.016133497146576], [34.77335721853574, 32.016194856984605], [34.77339788568684, 32.01618989229515], [34.77339002556015, 32.01612805045546], [34.77334979374561, 32.016133497146576]]]]}"
Feature,"{'id': '4', 'taken': '1', 'ParkId': '4'}","{'type': 'MultiPolygon', 'coordinates': [[[[34.77330798854138, 32.016139156847416], [34.77331601055714, 32.01619988769886], [34.77335721853574, 32.016194856984605], [34.77334979374561, 32.016133497146576], [34.77330798854138, 32.016139156847416]]]]}"
Feature,"{'id': '5', 'taken': '1', 'ParkId': '4'}","{'type': 'MultiPolygon', 'coordinates': [[[[34.77327943243793, 32.016143022849405], [34.77328941184026, 32.01620313489877], [34.77331601055714, 32.01619988769886], [34.77330798854138, 32.016139156847416], [34.77327943243793, 32.016143022849405]]]]}"
Feature,"{'id': '6', 'taken': '0', 'ParkId': '4'}","{'type': 'MultiPolygon', 'coordinates': [[[[34.77325478147868, 32.01614636016248], [34.773263341472344, 32.016206317597266], [34.77328941184026, 32.01620313489877], [34.77327943243793, 32.016143022849405], [34.77325478147868, 32.01614636016248]]]]}"
Feature,"{'id': '7', 'taken': '0', 'ParkId': '4'}","{'type': 'MultiPolygon', 'coordinates': [[[[34.7732257927343, 32.01615028473656], [34.77323312964319, 32.016210005889796], [34.773263341472344, 32.016206317597266], [34.77325478147868, 32.01614636016248], [34.7732257927343, 32.01615028473656]]]]}"
Feature,"{'id': '8', 'taken': '0', 'ParkId': '4'}","{'type': 'MultiPolygon', 'coordinates': [[[[34.77319835788205, 32.01615399894055], [34.773208088976524, 32.016213062881256], [34.77323312964319, 32.016210005889796], [34.7732257927343, 32.01615028473656], [34.77319835788205, 32.01615399894055]]]]}"
Feature,"{'id': '9', 'taken': '0', 'ParkId': '4'}","{'type': 'MultiPolygon', 'coordinates': [[[[34.773171614167886, 32.01615761957641], [34.77317974767228, 32.0162165228181], [34.773208088976524, 32.016213062881256], [34.77319835788205, 32.01615399894055], [34.773171614167886, 32.01615761957641]]]]}"
Feature,"{'id': '10', 'taken': '0', 'ParkId': '4'}","{'type': 'MultiPolygon', 'coordinates': [[[[34.77314492657647, 32.01616123261422], [34.77315190566331, 32.016219921800435], [34.77317974767228, 32.0162165228181], [34.773171614167886, 32.01615761957641], [34.77314492657647, 32.01616123261422]]]]}"
Feature,"{'id': '11', 'taken': '0', 'ParkId': '4'}","{'type': 'MultiPolygon', 'coordinates': [[[[34.7731186708746, 32.016164787181665], [34.77312728838688, 32.01622292710397], [34.77315190566331, 32.016219921800435], [34.77314492657647, 32.01616123261422], [34.7731186708746, 32.016164787181665]]]]}"
Feature,"{'id': '12', 'taken': '0', 'ParkId': '4'}","{'type': 'MultiPolygon', 'coordinates': [[[[34.77309075724158, 32.01616856620428], [34.77310035922594, 32.01622621464484], [34.77312728838688, 32.01622292710397], [34.7731186708746, 32.016164787181665], [34.77309075724158, 32.01616856620428]]]]}"
Feature,"{'id': '13', 'taken': '1', 'ParkId': '4'}","{'type': 'MultiPolygon', 'coordinates': [[[[34.77306537533218, 32.01617200247535], [34.7730728406957, 32.016229574136545], [34.77310035922594, 32.01622621464484], [34.77309075724158, 32.01616856620428], [34.77306537533218, 32.01617200247535]]]]}"
Feature,"{'id': '14', 'taken': '0', 'ParkId': '4'}","{'type': 'MultiPolygon', 'coordinates': [[[[34.77303768132785, 32.016175751764045], [34.77304608656857, 32.0162328403091], [34.7730728406957, 32.016229574136545], [34.77306537533218, 32.01617200247535], [34.77303768132785, 32.016175751764045]]]]}"
Feature,"{'id': '15', 'taken': '0', 'ParkId': '4'}","{'type': 'MultiPolygon', 'coordinates': [[[[34.77301100624425, 32.01617936310851], [34.773019912332856, 32.01623603568789], [34.77304608656857, 32.0162328403091], [34.77303768132785, 32.016175751764045], [34.77301100624425, 32.01617936310851]]]]}"
Feature,"{'id': '16', 'taken': '1', 'ParkId': '4'}","{'type': 'MultiPolygon', 'coordinates': [[[[34.772983742339306, 32.0161830541692], [34.77299106909474, 32.01623955690136], [34.773019912332856, 32.01623603568789], [34.77301100624425, 32.01617936310851], [34.772983742339306, 32.0161830541692]]]]}"
Feature,"{'id': '17', 'taken': '0', 'ParkId': '4'}","{'type': 'MultiPolygon', 'coordinates': [[[[34.77295665965086, 32.016186720696304], [34.77296510818878, 32.01624272623663], [34.77299106909474, 32.01623955690136], [34.772983742339306, 32.0161830541692], [34.77295665965086, 32.016186720696304]]]]}"
Feature,"{'id': '18', 'taken': '0', 'ParkId': '4'}","{'type': 'MultiPolygon', 'coordinates': [[[[34.77293063488879, 32.016190243998494], [34.772939602442634, 32.016245840005496], [34.77296510818878, 32.01624272623663], [34.77295665965086, 32.016186720696304], [34.77293063488879, 32.016190243998494]]]]}"
Feature,"{'id': '19', 'taken': '0', 'ParkId': '4'}","{'type': 'MultiPolygon', 'coordinates': [[[[34.77290373336806, 32.01619388599863], [34.772911501143795, 32.01624927064222], [34.772939602442634, 32.016245840005496], [34.77293063488879, 32.016190243998494], [34.77290373336806, 32.01619388599863]]]]}"
Feature,"{'id': '20', 'taken': '0', 'ParkId': '4'}","{'type': 'MultiPolygon', 'coordinates': [[[[34.7728757491495, 32.016197674577306], [34.77288678363169, 32.01625228818263], [34.772911501143795, 32.01624927064222], [34.77290373336806, 32.01619388599863], [34.7728757491495, 32.016197674577306]]]]}"
Feature,"{'id': '21', 'taken': '0', 'ParkId': '4'}","{'type': 'MultiPolygon', 'coordinates': [[[[34.77284981953103, 32.01620118499871], [34.772857937270544, 32.01625580977736], [34.77288678363169, 32.01625228818263], [34.7728757491495, 32.016197674577306], [34.77284981953103, 32.01620118499871]]]]}"
Feature,"{'id': '22', 'taken': '0', 'ParkId': '4'}","{'type': 'MultiPolygon', 'coordinates': [[[[34.77282353269955, 32.01620474378056], [34.77283146046612, 32.01625904209406], [34.772857937270544, 32.01625580977736], [34.77284981953103, 32.01620118499871], [34.77282353269955, 32.01620474378056]]]]}"
Feature,"{'id': '23', 'taken': '0', 'ParkId': '4'}","{'type': 'MultiPolygon', 'coordinates': [[[[34.772795306085065, 32.01620856517545], [34.772802102260385, 32.01626262617533], [34.77283146046612, 32.01625904209406], [34.77282353269955, 32.01620474378056], [34.772795306085065, 32.01620856517545]]]]}"
Feature,"{'id': '24', 'taken': '0', 'ParkId': '4'}","{'type': 'MultiPolygon', 'coordinates': [[[[34.77343187336574, 32.01606215148689], [34.77338261906798, 32.01606977771774], [34.77339002556015, 32.01612805045546], [34.77343905019995, 32.01612141336804], [34.77343187336574, 32.01606215148689]]]]}"
Feature,"{'id': '25', 'taken': '1', 'ParkId': '4'}","{'type': 'MultiPolygon', 'coordinates': [[[[34.7726537733256, 32.01608570283513], [34.77270228584155, 32.01607947045191], [34.77269260715012, 32.01600504541463], [34.77264322190988, 32.01601225433466], [34.7726537733256, 32.01608570283513]]]]}"
Feature,"{'id': '26', 'taken': '0', 'ParkId': '4'}","{'type': 'MultiPolygon', 'coordinates': [[[[34.772620799469664, 32.01585617152504], [34.77267263963742, 32.01585150369996], [34.772663768032146, 32.01578328481331], [34.77261134700742, 32.01579037284967], [34.772620799469664, 32.01585617152504]]]]}"
Feature,"{'id': '27', 'taken': '1', 'ParkId': '4'}","{'type': 'MultiPolygon', 'coordinates': [[[[34.77263017846119, 32.01592145877011], [34.772680792281186, 32.015914194077176], [34.77267263963742, 32.01585150369996], [34.772620799469664, 32.01585617152504], [34.77263017846119, 32.01592145877011]]]]}"
Feature,"{'id': '28', 'taken': '1', 'ParkId': '4'}","{'type': 'MultiPolygon', 'coordinates': [[[[34.772680792281186, 32.015914194077176], [34.77263017846119, 32.01592145877011], [34.77264322190988, 32.01601225433466], [34.77269260715012, 32.01600504541463], [34.772680792281186, 32.015914194077176]]]]}"
Feature,"{'id': '29', 'taken': '0', 'ParkId': '4'}","{'type': 'MultiPolygon', 'coordinates': [[[[34.772660126095246, 32.016129924522225], [34.77270819457603, 32.01612490611723], [34.77270228584155, 32.01607947045191], [34.7726537733256, 32.01608570283513], [34.772660126095246, 32.016129924522225]]]]}"
Feature,"{'id': '30', 'taken': '0', 'ParkId': '4'}","{'type': 'MultiPolygon', 'coordinates': [[[[34.77269921426983, 32.01605585136647], [34.77276166715111, 32.01600903247308], [34.77275992579744, 32.015995218698336], [34.77269260715012, 32.01600504541463], [34.77269921426983, 32.01605585136647]]]]}"
Feature,"{'id': '31', 'taken': '0', 'ParkId': '4'}","{'type': 'MultiPolygon', 'coordinates': [[[[34.772704538609005, 32.016096793279445], [34.77276535153584, 32.0160382598848], [34.77276166715111, 32.01600903247308], [34.77269921426983, 32.01605585136647], [34.772704538609005, 32.016096793279445]]]]}"
Feature,"{'id': '32', 'taken': '0', 'ParkId': '4'}","{'type': 'MultiPolygon', 'coordinates': [[[[34.77270843233055, 32.016126734348795], [34.77277127883155, 32.01608527981486], [34.77276535153584, 32.0160382598848], [34.772704538609005, 32.016096793279445], [34.77270843233055, 32.016126734348795]]]]}"
Feature,"{'id': '33', 'taken': '0', 'ParkId': '4'}","{'type': 'MultiPolygon', 'coordinates': [[[[34.772713600328416, 32.016166474063276], [34.7727763196623, 32.0161252676138], [34.77277127883155, 32.01608527981486], [34.77270843233055, 32.016126734348795], [34.772713600328416, 32.016166474063276]]]]}"
Feature,"{'id': '34', 'taken': '0', 'ParkId': '4'}","{'type': 'MultiPolygon', 'coordinates': [[[[34.77271799702935, 32.01620028283108], [34.772781270534296, 32.01616454178977], [34.7727763196623, 32.0161252676138], [34.772713600328416, 32.016166474063276], [34.77271799702935, 32.01620028283108]]]]}"
Feature,"{'id': '35', 'taken': '0', 'ParkId': '4'}","{'type': 'MultiPolygon', 'coordinates': [[[[34.77275679336665, 32.016213779130716], [34.77278461156016, 32.01619104541134], [34.772781270534296, 32.01616454178977], [34.77271799702935, 32.01620028283108], [34.77272039303574, 32.01621870710529], [34.77275679336665, 32.016213779130716]]]]}"
Feature,"{'id': '36', 'taken': '0', 'ParkId': '4'}","{'type': 'MultiPolygon', 'coordinates': [[[[34.77270819457603, 32.01612490611723], [34.772660126095246, 32.016129924522225], [34.77266895031528, 32.01619134999785], [34.7727159099931, 32.01618423440637], [34.77270819457603, 32.01612490611723]]]]}"
Feature,"{'id': '37', 'taken': '0', 'ParkId': '4'}","{'type': 'MultiPolygon', 'coordinates': [[[[34.77342460917776, 32.016002168292076], [34.77337487440215, 32.01600884430009], [34.77338261906798, 32.01606977771774], [34.77343187336574, 32.01606215148689], [34.77342460917776, 32.016002168292076]]]]}"
Feature,"{'id': '38', 'taken': '0', 'ParkId': '4'}","{'type': 'MultiPolygon', 'coordinates': [[[[34.77341842126588, 32.01595107232309], [34.77336838676283, 32.015957800905184], [34.77337487440215, 32.01600884430009], [34.77342460917776, 32.016002168292076], [34.77341842126588, 32.01595107232309]]]]}"
Feature,"{'id': '39', 'taken': '0', 'ParkId': '4'}","{'type': 'MultiPolygon', 'coordinates': [[[[34.773403880609884, 32.01583100453247], [34.773353125542044, 32.01583772879873], [34.77336092254486, 32.015899073992884], [34.773411392261686, 32.01589303113131], [34.773403880609884, 32.01583100453247]]]]}"
Feature,"{'id': '40', 'taken': '0', 'ParkId': '4'}","{'type': 'MultiPolygon', 'coordinates': [[[[34.77339605966605, 32.01576642399034], [34.77334500509087, 32.01577383878019], [34.773353125542044, 32.01583772879873], [34.773403880609884, 32.01583100453247], [34.77339605966605, 32.01576642399034]]]]}"
Feature,"{'id': '41', 'taken': '0', 'ParkId': '4'}","{'type': 'MultiPolygon', 'coordinates': [[[[34.773390032627304, 32.01571665641273], [34.77333845684992, 32.0157223185843], [34.77334500509087, 32.01577383878019], [34.77339605966605, 32.01576642399034], [34.773390032627304, 32.01571665641273]]]]}"
Feature,"{'id': '17', 'taken': '0', 'ParkId': '1'}","{'type': 'MultiPolygon', 'coordinates': [[[[34.773180012916484, 32.013748348297256], [34.773144067233055, 32.013754719633646], [34.773149022516705, 32.013779671081295], [34.773184918957234, 32.01377430350028], [34.773180012916484, 32.013748348297256]]]]}"
Feature,"{'id': '18', 'taken': '0', 'ParkId': '1'}","{'type': 'MultiPolygon', 'coordinates': [[[[34.773176453215434, 32.013729515848], [34.773140296468874, 32.013735732622656], [34.773144067233055, 32.013754719633646], [34.773180012916484, 32.013748348297256], [34.773176453215434, 32.013729515848]]]]}"
Feature,"{'id': '19', 'taken': '0', 'ParkId': '1'}","{'type': 'MultiPolygon', 'coordinates': [[[[34.77317294237559, 32.01371094189688], [34.7731365904421, 32.01371707158534], [34.773140296468874, 32.013735732622656], [34.773176453215434, 32.013729515848], [34.77317294237559, 32.01371094189688]]]]}"
Feature,"{'id': '20', 'taken': '0', 'ParkId': '1'}","{'type': 'MultiPolygon', 'coordinates': [[[[34.773169354895245, 32.01369196248242], [34.77313290784765, 32.01369852853736], [34.7731365904421, 32.01371707158534], [34.77317294237559, 32.01371094189688], [34.773169354895245, 32.01369196248242]]]]}"
Feature,"{'id': '21', 'taken': '0', 'ParkId': '1'}","{'type': 'MultiPolygon', 'coordinates': [[[[34.77316587877276, 32.01367357220203], [34.77312913674025, 32.013679539798176], [34.77313290784765, 32.01369852853736], [34.773169354895245, 32.01369196248242], [34.77316587877276, 32.01367357220203]]]]}"
Feature,"{'id': '22', 'taken': '0', 'ParkId': '1'}","{'type': 'MultiPolygon', 'coordinates': [[[[34.7731624411473, 32.013655385588564], [34.773125460702026, 32.01366102976286], [34.77312913674025, 32.013679539798176], [34.77316587877276, 32.01367357220203], [34.7731624411473, 32.013655385588564]]]]}"
Feature,"{'id': '23', 'taken': '0', 'ParkId': '1'}","{'type': 'MultiPolygon', 'coordinates': [[[[34.77315896011794, 32.013636969348575], [34.77312195654372, 32.01364338519824], [34.773125460702026, 32.01366102976286], [34.7731624411473, 32.013655385588564], [34.77315896011794, 32.013636969348575]]]]}"
Feature,"{'id': '24', 'taken': '0', 'ParkId': '1'}","{'type': 'MultiPolygon', 'coordinates': [[[[34.773155353699046, 32.01361788974053], [34.773118172379235, 32.01362433071243], [34.77312195654372, 32.01364338519824], [34.77315896011794, 32.013636969348575], [34.773155353699046, 32.01361788974053]]]]}"
Feature,"{'id': '25', 'taken': '0', 'ParkId': '1'}","{'type': 'MultiPolygon', 'coordinates': [[[[34.77313221354959, 32.013603166907956], [34.7731247018323, 32.01356532991457], [34.77310558141526, 32.01356808689309], [34.77311267298761, 32.01360623251585], [34.77313221354959, 32.013603166907956]]]]}"
Feature,"{'id': '26', 'taken': '0', 'ParkId': '1'}","{'type': 'MultiPolygon', 'coordinates': [[[[34.7731524829887, 32.01359998695067], [34.77314523966333, 32.013562368558716], [34.7731247018323, 32.01356532991457], [34.77313221354959, 32.013603166907956], [34.7731524829887, 32.01359998695067]]]]}"
Feature,"{'id': '27', 'taken': '0', 'ParkId': '1'}","{'type': 'MultiPolygon', 'coordinates': [[[[34.77317424384825, 32.0135965730129], [34.77316820213579, 32.013559057593106], [34.77314523966333, 32.013562368558716], [34.7731524829887, 32.01359998695067], [34.77317424384825, 32.0135965730129]]]]}"
Feature,"{'id': '28', 'taken': '0', 'ParkId': '1'}","{'type': 'MultiPolygon', 'coordinates': [[[[34.77319565741915, 32.01359321355927], [34.77318896632491, 32.013556063598614], [34.77316820213579, 32.013559057593106], [34.77317424384825, 32.0135965730129], [34.77319565741915, 32.01359321355927]]]]}"
Feature,"{'id': '29', 'taken': '0', 'ParkId': '1'}","{'type': 'MultiPolygon', 'coordinates': [[[[34.773217137702794, 32.01358984363946], [34.77320896832154, 32.013553179504875], [34.77318896632491, 32.013556063598614], [34.77319565741915, 32.01359321355927], [34.773217137702794, 32.01358984363946]]]]}"
Feature,"{'id': '30', 'taken': '0', 'ParkId': '1'}","{'type': 'MultiPolygon', 'coordinates': [[[[34.773238357222795, 32.013586514629374], [34.77323065281378, 32.01355005281161], [34.77320896832154, 32.013553179504875], [34.773217137702794, 32.01358984363946], [34.773238357222795, 32.013586514629374]]]]}"
Feature,"{'id': '31', 'taken': '0', 'ParkId': '1'}","{'type': 'MultiPolygon', 'coordinates': [[[[34.773259358867094, 32.013583219800566], [34.77325194061167, 32.013546983317816], [34.77323065281378, 32.01355005281161], [34.773238357222795, 32.013586514629374], [34.773259358867094, 32.013583219800566]]]]}"
Feature,"{'id': '32', 'taken': '1', 'ParkId': '1'}","{'type': 'MultiPolygon', 'coordinates': [[[[34.77334345902154, 32.01357144617397], [34.77333566902868, 32.01353555063995], [34.77331709209458, 32.013538219823886], [34.77332438218271, 32.013574168431504], [34.77334345902154, 32.01357144617397]]]]}"
Feature,"{'id': '33', 'taken': '1', 'ParkId': '1'}","{'type': 'MultiPolygon', 'coordinates': [[[[34.77336502101687, 32.013568369285565], [34.77335843129004, 32.01353228009692], [34.77333566902868, 32.01353555063995], [34.77334345902154, 32.01357144617397], [34.77336502101687, 32.013568369285565]]]]}"
Feature,"{'id': '34', 'taken': '1', 'ParkId': '1'}","{'type': 'MultiPolygon', 'coordinates': [[[[34.773385534866094, 32.0135654419672], [34.77337883029896, 32.01352934911236], [34.77335843129004, 32.01353228009692], [34.77336502101687, 32.013568369285565], [34.773385534866094, 32.0135654419672]]]]}"
Feature,"{'id': '35', 'taken': '1', 'ParkId': '1'}","{'type': 'MultiPolygon', 'coordinates': [[[[34.773239735723564, 32.013616389275334], [34.7732848344314, 32.01361174062599], [34.773281224540675, 32.01357891544692], [34.77323435418514, 32.01358546683003], [34.773239735723564, 32.013616389275334]]]]}"
Feature,"{'id': '36', 'taken': '1', 'ParkId': '1'}","{'type': 'MultiPolygon', 'coordinates': [[[[34.77324301072829, 32.01363520752886], [34.77328687375401, 32.01363028443657], [34.7732848344314, 32.01361174062599], [34.773239735723564, 32.013616389275334], [34.77324301072829, 32.01363520752886]]]]}"
Feature,"{'id': '37', 'taken': '1', 'ParkId': '1'}","{'type': 'MultiPolygon', 'coordinates': [[[[34.77324598259288, 32.01365228393215], [34.773288980058695, 32.013649437323366], [34.77328687375401, 32.01363028443657], [34.77324301072829, 32.01363520752886], [34.77324598259288, 32.01365228393215]]]]}"
Feature,"{'id': '174', 'taken': '0', 'ParkId': '1'}","{'type': 'MultiPolygon', 'coordinates': [[[[34.77324934270757, 32.013671591229574], [34.77329098221303, 32.01366764315824], [34.773288980058695, 32.013649437323366], [34.77324598259288, 32.01365228393215], [34.77324934270757, 32.013671591229574]]]]}"
Feature,"{'id': '175', 'taken': '0', 'ParkId': '1'}","{'type': 'MultiPolygon', 'coordinates': [[[[34.77325270587162, 32.013690916048645], [34.773293085978324, 32.01368677295404], [34.77329098221303, 32.01366764315824], [34.77324934270757, 32.013671591229574], [34.77325270587162, 32.013690916048645]]]]}"
Feature,"{'id': '176', 'taken': '0', 'ParkId': '1'}","{'type': 'MultiPolygon', 'coordinates': [[[[34.773255860671384, 32.013709043601686], [34.773295150633814, 32.01370554711957], [34.773293085978324, 32.01368677295404], [34.77325270587162, 32.013690916048645], [34.773255860671384, 32.013709043601686]]]]}"
Feature,"{'id': '41', 'taken': '1', 'ParkId': '1'}","{'type': 'MultiPolygon', 'coordinates': [[[[34.77314524943805, 32.01349178245855], [34.77313712304937, 32.013455102431394], [34.773117077518876, 32.01345832712043], [34.77312239619815, 32.01349562719542], [34.77314524943805, 32.01349178245855]]]]}"
Feature,"{'id': '42', 'taken': '1', 'ParkId': '1'}","{'type': 'MultiPolygon', 'coordinates': [[[[34.77316645997558, 32.01348821408331], [34.77315658417768, 32.01345197175411], [34.77313712304937, 32.013455102431394], [34.77314524943805, 32.01349178245855], [34.77316645997558, 32.01348821408331]]]]}"
Feature,"{'id': '43', 'taken': '1', 'ParkId': '1'}","{'type': 'MultiPolygon', 'coordinates': [[[[34.77318756155716, 32.01348466403837], [34.773179382816174, 32.01344830417746], [34.77315658417768, 32.01345197175411], [34.77316645997558, 32.01348821408331], [34.77318756155716, 32.01348466403837]]]]}"
Feature,"{'id': '44', 'taken': '1', 'ParkId': '1'}","{'type': 'MultiPolygon', 'coordinates': [[[[34.77320788307581, 32.01348124522808], [34.77320068142072, 32.01344487790862], [34.773179382816174, 32.01344830417746], [34.77318756155716, 32.01348466403837], [34.77320788307581, 32.01348124522808]]]]}"
Feature,"{'id': '45', 'taken': '1', 'ParkId': '1'}","{'type': 'MultiPolygon', 'coordinates': [[[[34.77322958754217, 32.01347759375624], [34.77322198415563, 32.013441450975336], [34.77320068142072, 32.01344487790862], [34.77320788307581, 32.01348124522808], [34.77322958754217, 32.01347759375624]]]]}"
Feature,"{'id': '46', 'taken': '1', 'ParkId': '1'}","{'type': 'MultiPolygon', 'coordinates': [[[[34.77325191939293, 32.013473836735784], [34.773242995147875, 32.013438070974175], [34.77322198415563, 32.013441450975336], [34.77322958754217, 32.01347759375624], [34.77325191939293, 32.013473836735784]]]]}"
Feature,"{'id': '47', 'taken': '1', 'ParkId': '1'}","{'type': 'MultiPolygon', 'coordinates': [[[[34.773271834239274, 32.01347048634239], [34.7732645987268, 32.01343459564465], [34.773242995147875, 32.013438070974175], [34.77325191939293, 32.013473836735784], [34.773271834239274, 32.01347048634239]]]]}"
Feature,"{'id': '48', 'taken': '1', 'ParkId': '1'}","{'type': 'MultiPolygon', 'coordinates': [[[[34.773292891591176, 32.01346694373848], [34.77328467065027, 32.01343136670982], [34.7732645987268, 32.01343459564465], [34.773271834239274, 32.01347048634239], [34.773292891591176, 32.01346694373848]]]]}"
Feature,"{'id': '49', 'taken': '1', 'ParkId': '1'}","{'type': 'MultiPolygon', 'coordinates': [[[[34.7733134722995, 32.01346348132316], [34.77330525904894, 32.013428054690536], [34.77328467065027, 32.01343136670982], [34.773292891591176, 32.01346694373848], [34.7733134722995, 32.01346348132316]]]]}"
Feature,"{'id': '50', 'taken': '1', 'ParkId': '1'}","{'type': 'MultiPolygon', 'coordinates': [[[[34.773334607855745, 32.01345992556246], [34.77332693805281, 32.013424567227524], [34.77330525904894, 32.013428054690536], [34.7733134722995, 32.01346348132316], [34.773334607855745, 32.01345992556246]]]]}"
Feature,"{'id': '51', 'taken': '1', 'ParkId': '1'}","{'type': 'MultiPolygon', 'coordinates': [[[[34.7733474473401, 32.01342126793475], [34.77335540083336, 32.013456427435806], [34.77338711129728, 32.01345109259531], [34.77337979495689, 32.01341606423086], [34.7733474473401, 32.01342126793475]]]]}"
Feature,"{'id': '52', 'taken': '0', 'ParkId': '1'}","{'type': 'MultiPolygon', 'coordinates': [[[[34.77302197346781, 32.01355564703178], [34.77302466102158, 32.01357082813009], [34.77306325856029, 32.01356474522854], [34.77306087652607, 32.013551592753345], [34.7730606210391, 32.0135491989963], [34.77302197346781, 32.01355564703178]]]]}"
Feature,"{'id': '53', 'taken': '0', 'ParkId': '1'}","{'type': 'MultiPolygon', 'coordinates': [[[[34.77302466102158, 32.01357082813009], [34.77302792188314, 32.0135892476536], [34.77306647343482, 32.013582496257044], [34.77306325856029, 32.01356474522854], [34.77302466102158, 32.01357082813009]]]]}"
Feature,"{'id': '54', 'taken': '0', 'ParkId': '1'}","{'type': 'MultiPolygon', 'coordinates': [[[[34.77302792188314, 32.0135892476536], [34.7730313378492, 32.01360854331089], [34.7730699676527, 32.01360178968853], [34.77306647343482, 32.013582496257044], [34.77302792188314, 32.0135892476536]]]]}"
Feature,"{'id': '55', 'taken': '0', 'ParkId': '1'}","{'type': 'MultiPolygon', 'coordinates': [[[[34.7730313378492, 32.01360854331089], [34.773034428423166, 32.01362600093637], [34.77307315214306, 32.013619372949954], [34.7730699676527, 32.01360178968853], [34.7730313378492, 32.01360854331089]]]]}"
Feature,"{'id': '56', 'taken': '0', 'ParkId': '1'}","{'type': 'MultiPolygon', 'coordinates': [[[[34.773034428423166, 32.01362600093637], [34.77303792170307, 32.01364573331393], [34.77307662583365, 32.01363855303933], [34.77307315214306, 32.013619372949954], [34.773034428423166, 32.01362600093637]]]]}"
Feature,"{'id': '57', 'taken': '0', 'ParkId': '1'}","{'type': 'MultiPolygon', 'coordinates': [[[[34.77303792170307, 32.01364573331393], [34.7730410308617, 32.01366329591795], [34.773079824913516, 32.01365621685714], [34.77307662583365, 32.01363855303933], [34.77303792170307, 32.01364573331393]]]]}"
Feature,"{'id': '58', 'taken': '0', 'ParkId': '1'}","{'type': 'MultiPolygon', 'coordinates': [[[[34.7730410308617, 32.01366329591795], [34.77304451615188, 32.01368298316417], [34.773083362668565, 32.013675750680385], [34.773079824913516, 32.01365621685714], [34.7730410308617, 32.01366329591795]]]]}"
Feature,"{'id': '59', 'taken': '0', 'ParkId': '1'}","{'type': 'MultiPolygon', 'coordinates': [[[[34.77304451615188, 32.01368298316417], [34.773047655679534, 32.013700717312794], [34.77308660110857, 32.01369363182637], [34.773083362668565, 32.013675750680385], [34.77304451615188, 32.01368298316417]]]]}"
Feature,"{'id': '60', 'taken': '0', 'ParkId': '1'}","{'type': 'MultiPolygon', 'coordinates': [[[[34.773047655679534, 32.013700717312794], [34.77305048676861, 32.01371670919436], [34.77308957027853, 32.0137100261896], [34.77308660110857, 32.01369363182637], [34.773047655679534, 32.013700717312794]]]]}"
Feature,"{'id': '61', 'taken': '0', 'ParkId': '1'}","{'type': 'MultiPolygon', 'coordinates': [[[[34.77292448250898, 32.013722743465934], [34.77292745211338, 32.01373934946626], [34.77296606986833, 32.01373270714957], [34.77296308170085, 32.01371544136235], [34.77292448250898, 32.013722743465934]]]]}"
Feature,"{'id': '62', 'taken': '0', 'ParkId': '1'}","{'type': 'MultiPolygon', 'coordinates': [[[[34.7729213888072, 32.01370544351424], [34.77292448250898, 32.013722743465934], [34.77296308170085, 32.01371544136235], [34.77296009707807, 32.013698196056616], [34.7729213888072, 32.01370544351424]]]]}"
Feature,"{'id': '63', 'taken': '0', 'ParkId': '1'}","{'type': 'MultiPolygon', 'coordinates': [[[[34.77291793089021, 32.01368610687442], [34.7729213888072, 32.01370544351424], [34.77296009707807, 32.013698196056616], [34.77295679743064, 32.01367913052203], [34.77291793089021, 32.01368610687442]]]]}"
Feature,"{'id': '64', 'taken': '0', 'ParkId': '1'}","{'type': 'MultiPolygon', 'coordinates': [[[[34.7729147985605, 32.013668590915664], [34.77291793089021, 32.01368610687442], [34.77295679743064, 32.01367913052203], [34.77295371489128, 32.01366131944922], [34.7729147985605, 32.013668590915664]]]]}"
Feature,"{'id': '65', 'taken': '0', 'ParkId': '1'}","{'type': 'MultiPolygon', 'coordinates': [[[[34.77291120971355, 32.013648522116746], [34.7729147985605, 32.013668590915664], [34.77295371489128, 32.01366131944922], [34.77295035948634, 32.01364193174484], [34.77291120971355, 32.013648522116746]]]]}"
Feature,"{'id': '66', 'taken': '0', 'ParkId': '1'}","{'type': 'MultiPolygon', 'coordinates': [[[[34.77290813063215, 32.01363130392206], [34.77291120971355, 32.013648522116746], [34.77295035948634, 32.01364193174484], [34.77294729180755, 32.013624206537145], [34.77290813063215, 32.01363130392206]]]]}"
Feature,"{'id': '67', 'taken': '0', 'ParkId': '1'}","{'type': 'MultiPolygon', 'coordinates': [[[[34.77290460508044, 32.013611589069555], [34.77290813063215, 32.01363130392206], [34.77294729180755, 32.013624206537145], [34.772943887373714, 32.01360453554128], [34.77290460508044, 32.013611589069555]]]]}"
Feature,"{'id': '68', 'taken': '0', 'ParkId': '1'}","{'type': 'MultiPolygon', 'coordinates': [[[[34.772901134466274, 32.01359218142724], [34.77290460508044, 32.013611589069555], [34.772943887373714, 32.01360453554128], [34.772940581031584, 32.0135854313244], [34.772901134466274, 32.01359218142724]]]]}"
Feature,"{'id': '69', 'taken': '0', 'ParkId': '1'}","{'type': 'MultiPolygon', 'coordinates': [[[[34.77289833061037, 32.01357650229094], [34.772901134466274, 32.01359218142724], [34.772940581031584, 32.0135854313244], [34.77293779310679, 32.013569322549856], [34.77289833061037, 32.01357650229094]]]]}"
Feature,"{'id': '70', 'taken': '0', 'ParkId': '1'}","{'type': 'MultiPolygon', 'coordinates': [[[[34.77292918933342, 32.01381640165567], [34.77291961047015, 32.01377445054079], [34.77289873465458, 32.01377833684197], [34.772907709925846, 32.0138197707847], [34.77292918933342, 32.01381640165567]]]]}"
Feature,"{'id': '71', 'taken': '0', 'ParkId': '1'}","{'type': 'MultiPolygon', 'coordinates': [[[[34.772950819961544, 32.0138130088071], [34.772941218222336, 32.01377042798019], [34.77291961047015, 32.01377445054079], [34.77292918933342, 32.01381640165567], [34.772950819961544, 32.0138130088071]]]]}"
Feature,"{'id': '72', 'taken': '0', 'ParkId': '1'}","{'type': 'MultiPolygon', 'coordinates': [[[[34.77297144176207, 32.013809774197085], [34.77296120108213, 32.013766707914186], [34.772941218222336, 32.01377042798019], [34.772950819961544, 32.0138130088071], [34.77297144176207, 32.013809774197085]]]]}"
Feature,"{'id': '73', 'taken': '0', 'ParkId': '1'}","{'type': 'MultiPolygon', 'coordinates': [[[[34.772992426538316, 32.01380648265291], [34.77298292070656, 32.01376266452714], [34.77296120108213, 32.013766707914186], [34.77297144176207, 32.013809774197085], [34.772992426538316, 32.01380648265291]]]]}"
Feature,"{'id': '74', 'taken': '0', 'ParkId': '1'}","{'type': 'MultiPolygon', 'coordinates': [[[[34.773002456653195, 32.01375902765976], [34.773013961459014, 32.01380174582975], [34.77303484120686, 32.01379715311848], [34.77302431781872, 32.01375495792302], [34.773002456653195, 32.01375902765976]]]]}"
Feature,"{'id': '75', 'taken': '0', 'ParkId': '1'}","{'type': 'MultiPolygon', 'coordinates': [[[[34.773013961459014, 32.01380174582975], [34.773002456653195, 32.01375902765976], [34.77298292070656, 32.01376266452714], [34.772992426538316, 32.01380648265291], [34.773013961459014, 32.01380174582975]]]]}"
Feature,"{'id': '76', 'taken': '0', 'ParkId': '1'}","{'type': 'MultiPolygon', 'coordinates': [[[[34.773055211058164, 32.0137926725641], [34.773046086034114, 32.01375090549014], [34.77302431781872, 32.01375495792302], [34.77303484120686, 32.01379715311848], [34.773055211058164, 32.0137926725641]]]]}"
Feature,"{'id': '77', 'taken': '0', 'ParkId': '1'}","{'type': 'MultiPolygon', 'coordinates': [[[[34.77307517644783, 32.01378828097514], [34.773066715341145, 32.013747065079684], [34.773046086034114, 32.01375090549014], [34.773055211058164, 32.0137926725641], [34.77307517644783, 32.01378828097514]]]]}"
Feature,"{'id': '78', 'taken': '0', 'ParkId': '1'}","{'type': 'MultiPolygon', 'coordinates': [[[[34.772855458687665, 32.01378822925023], [34.77280354629966, 32.01379774656439], [34.77280828304622, 32.013816346177826], [34.77285994064559, 32.01380601968769], [34.772855458687665, 32.01378822925023]]]]}"
Feature,"{'id': '79', 'taken': '0', 'ParkId': '1'}","{'type': 'MultiPolygon', 'coordinates': [[[[34.77285043009776, 32.01376826904184], [34.772798902657634, 32.013779512541156], [34.77280354629966, 32.01379774656439], [34.772855458687665, 32.01378822925023], [34.77285043009776, 32.01376826904184]]]]}"
Feature,"{'id': '80', 'taken': '0', 'ParkId': '1'}","{'type': 'MultiPolygon', 'coordinates': [[[[34.772846048586835, 32.01375087731318], [34.77279399234568, 32.01376023139467], [34.772798902657634, 32.013779512541156], [34.77285043009776, 32.01376826904184], [34.772846048586835, 32.01375087731318]]]]}"
Feature,"{'id': '81', 'taken': '0', 'ParkId': '1'}","{'type': 'MultiPolygon', 'coordinates': [[[[34.77284147988929, 32.01373274257623], [34.772789420783155, 32.01374228040346], [34.77279399234568, 32.01376023139467], [34.772846048586835, 32.01375087731318], [34.77284147988929, 32.01373274257623]]]]}"
Feature,"{'id': '82', 'taken': '0', 'ParkId': '1'}","{'type': 'MultiPolygon', 'coordinates': [[[[34.772836803636785, 32.01371418091657], [34.772784916037615, 32.01372459178012], [34.772789420783155, 32.01374228040346], [34.77284147988929, 32.01373274257623], [34.772836803636785, 32.01371418091657]]]]}"
Feature,"{'id': '83', 'taken': '0', 'ParkId': '1'}","{'type': 'MultiPolygon', 'coordinates': [[[[34.772832352810845, 32.01369651405269], [34.77278006959105, 32.01370556141157], [34.772784916037615, 32.01372459178012], [34.772836803636785, 32.01371418091657], [34.772832352810845, 32.01369651405269]]]]}"
Feature,"{'id': '84', 'taken': '0', 'ParkId': '1'}","{'type': 'MultiPolygon', 'coordinates': [[[[34.77282826401963, 32.01367775607776], [34.77277522447659, 32.013686536273745], [34.77278006959105, 32.01370556141157], [34.772832352810845, 32.01369651405269], [34.77283227886531, 32.013696220537355], [34.77282826401963, 32.01367775607776]]]]}"
Feature,"{'id': '85', 'taken': '0', 'ParkId': '1'}","{'type': 'MultiPolygon', 'coordinates': [[[[34.77282405122396, 32.013658381237065], [34.77277096000499, 32.013669791125515], [34.77277522447659, 32.013686536273745], [34.77282826401963, 32.01367775607776], [34.77282405122396, 32.013658381237065]]]]}"
Feature,"{'id': '86', 'taken': '0', 'ParkId': '1'}","{'type': 'MultiPolygon', 'coordinates': [[[[34.7728201215819, 32.01364030863287], [34.77276626419388, 32.013651352251834], [34.77277096000499, 32.013669791125515], [34.77282405122396, 32.013658381237065], [34.7728201215819, 32.01364030863287]]]]}"
Feature,"{'id': '87', 'taken': '0', 'ParkId': '1'}","{'type': 'MultiPolygon', 'coordinates': [[[[34.7728161410826, 32.01362200213385], [34.772761717894646, 32.013633500461076], [34.77276626419388, 32.013651352251834], [34.7728201215819, 32.01364030863287], [34.7728161410826, 32.01362200213385]]]]}"
Feature,"{'id': '88', 'taken': '0', 'ParkId': '1'}","{'type': 'MultiPolygon', 'coordinates': [[[[34.77281232657518, 32.013604459039094], [34.77275683855052, 32.013614340914856], [34.772761717894646, 32.013633500461076], [34.7728161410826, 32.01362200213385], [34.77281232657518, 32.013604459039094]]]]}"
Feature,"{'id': '89', 'taken': '0', 'ParkId': '1'}","{'type': 'MultiPolygon', 'coordinates': [[[[34.7728082067737, 32.01358551188301], [34.7727520942248, 32.013595711540574], [34.77275683855052, 32.013614340914856], [34.77281232657518, 32.013604459039094], [34.7728082067737, 32.01358551188301]]]]}"
Feature,"{'id': '90', 'taken': '0', 'ParkId': '1'}","{'type': 'MultiPolygon', 'coordinates': [[[[34.772804406244816, 32.01356803307618], [34.772747233619725, 32.01357662557632], [34.7727520942248, 32.013595711540574], [34.7728082067737, 32.01358551188301], [34.772804406244816, 32.01356803307618]]]]}"
Feature,"{'id': '91', 'taken': '0', 'ParkId': '1'}","{'type': 'MultiPolygon', 'coordinates': [[[[34.772800405787414, 32.013549634788966], [34.77274224650958, 32.013557042869145], [34.772747233619725, 32.01357662557632], [34.772804406244816, 32.01356803307618], [34.772800405787414, 32.013549634788966]]]]}"
Feature,"{'id': '92', 'taken': '0', 'ParkId': '1'}","{'type': 'MultiPolygon', 'coordinates': [[[[34.77279629221318, 32.013529574341305], [34.77273742878614, 32.01354034762024], [34.77274105797561, 32.01355237589527], [34.77274224650958, 32.013557042869145], [34.772800405787414, 32.013549634788966], [34.77279875364212, 32.01354203649691], [34.77279629221318, 32.013529574341305]]]]}"
Feature,"{'id': '93', 'taken': '0', 'ParkId': '1'}","{'type': 'MultiPolygon', 'coordinates': [[[[34.77273742878614, 32.01354034762024], [34.77279629221318, 32.013529574341305], [34.77279382691086, 32.013517092574894], [34.772733772493126, 32.013528229515565], [34.77273742878614, 32.01354034762024]]]]}"
Feature,"{'id': '94', 'taken': '0', 'ParkId': '1'}","{'type': 'MultiPolygon', 'coordinates': [[[[34.77285823065125, 32.01353972529358], [34.772850095970185, 32.01350063898846], [34.77283001423366, 32.013503763717345], [34.772837776919594, 32.01354290974447], [34.77285823065125, 32.01353972529358]]]]}"
Feature,"{'id': '95', 'taken': '0', 'ParkId': '1'}","{'type': 'MultiPolygon', 'coordinates': [[[[34.77287861404702, 32.013536551793315], [34.772871353595, 32.013497331290736], [34.772850095970185, 32.01350063898846], [34.77285823065125, 32.01353972529358], [34.77287861404702, 32.013536551793315]]]]}"
Feature,"{'id': '96', 'taken': '0', 'ParkId': '1'}","{'type': 'MultiPolygon', 'coordinates': [[[[34.77289974391525, 32.01353326207441], [34.77289240945834, 32.013494054987206], [34.772871353595, 32.013497331290736], [34.77287861404702, 32.013536551793315], [34.77289974391525, 32.01353326207441]]]]}"
Feature,"{'id': '97', 'taken': '0', 'ParkId': '1'}","{'type': 'MultiPolygon', 'coordinates': [[[[34.77292107376681, 32.01352994122001], [34.77291339135694, 32.01349079019263], [34.77289240945834, 32.013494054987206], [34.77289974391525, 32.01353326207441], [34.77292107376681, 32.01352994122001]]]]}"
Feature,"{'id': '98', 'taken': '0', 'ParkId': '1'}","{'type': 'MultiPolygon', 'coordinates': [[[[34.772941632271575, 32.01352674045694], [34.772933805691316, 32.01348761371134], [34.77291339135694, 32.01349079019263], [34.77292107376681, 32.01352994122001], [34.772941632271575, 32.01352674045694]]]]}"
Feature,"{'id': '99', 'taken': '0', 'ParkId': '1'}","{'type': 'MultiPolygon', 'coordinates': [[[[34.77296336477812, 32.013523356913], [34.77295480175944, 32.01348434671198], [34.772933805691316, 32.01348761371134], [34.772941632271575, 32.01352674045694], [34.77296336477812, 32.013523356913]]]]}"
Feature,"{'id': '100', 'taken': '0', 'ParkId': '1'}","{'type': 'MultiPolygon', 'coordinates': [[[[34.77298393961948, 32.01352015360648], [34.77297707211608, 32.01348088143264], [34.77295480175944, 32.01348434671198], [34.77296336477812, 32.013523356913], [34.77298393961948, 32.01352015360648]]]]}"
Feature,"{'id': '101', 'taken': '0', 'ParkId': '1'}","{'type': 'MultiPolygon', 'coordinates': [[[[34.77300513945137, 32.0135168529949], [34.772998385633336, 32.01347756503802], [34.77297707211608, 32.01348088143264], [34.77298393961948, 32.01352015360648], [34.77300513945137, 32.0135168529949]]]]}"
Feature,"{'id': '102', 'taken': '0', 'ParkId': '1'}","{'type': 'MultiPolygon', 'coordinates': [[[[34.77302197346781, 32.01355564703178], [34.77301906076985, 32.01353919416873], [34.77298037084093, 32.01354586659073], [34.77298267553347, 32.013562203575084], [34.77302197346781, 32.01355564703178]]]]}"
Feature,"{'id': '103', 'taken': '0', 'ParkId': '1'}","{'type': 'MultiPolygon', 'coordinates': [[[[34.77302466102158, 32.01357082813009], [34.77302197346781, 32.01355564703178], [34.77298267553347, 32.013562203575084], [34.77298271446658, 32.013562479555326], [34.772985139450434, 32.01357705665746], [34.77302466102158, 32.01357082813009]]]]}"
Feature,"{'id': '104', 'taken': '0', 'ParkId': '1'}","{'type': 'MultiPolygon', 'coordinates': [[[[34.77302792188314, 32.0135892476536], [34.77302466102158, 32.01357082813009], [34.772985139450434, 32.01357705665746], [34.772988321190134, 32.01359618278255], [34.77302792188314, 32.0135892476536]]]]}"
Feature,"{'id': '105', 'taken': '0', 'ParkId': '1'}","{'type': 'MultiPolygon', 'coordinates': [[[[34.7730313378492, 32.01360854331089], [34.77302792188314, 32.0135892476536], [34.772988321190134, 32.01359618278255], [34.77299153505297, 32.013615502006765], [34.7730313378492, 32.01360854331089]]]]}"
Feature,"{'id': '106', 'taken': '0', 'ParkId': '1'}","{'type': 'MultiPolygon', 'coordinates': [[[[34.773034428423166, 32.01362600093637], [34.7730313378492, 32.01360854331089], [34.77299153505297, 32.013615502006765], [34.77299442077102, 32.01363284868177], [34.773034428423166, 32.01362600093637]]]]}"
Feature,"{'id': '107', 'taken': '0', 'ParkId': '1'}","{'type': 'MultiPolygon', 'coordinates': [[[[34.77303792170307, 32.01364573331393], [34.773034428423166, 32.01362600093637], [34.77299442077102, 32.01363284868177], [34.772997802358454, 32.01365317613481], [34.77303792170307, 32.01364573331393]]]]}"
Feature,"{'id': '108', 'taken': '0', 'ParkId': '1'}","{'type': 'MultiPolygon', 'coordinates': [[[[34.7730410308617, 32.01366329591795], [34.77303792170307, 32.01364573331393], [34.772997802358454, 32.01365317613481], [34.77300070983714, 32.01367065361768], [34.7730410308617, 32.01366329591795]]]]}"
Feature,"{'id': '109', 'taken': '0', 'ParkId': '1'}","{'type': 'MultiPolygon', 'coordinates': [[[[34.77304451615188, 32.01368298316417], [34.7730410308617, 32.01366329591795], [34.77300070983714, 32.01367065361768], [34.77300401532975, 32.01369052364823], [34.77304451615188, 32.01368298316417]]]]}"
Feature,"{'id': '110', 'taken': '0', 'ParkId': '1'}","{'type': 'MultiPolygon', 'coordinates': [[[[34.773047655679534, 32.013700717312794], [34.77304451615188, 32.01368298316417], [34.77300401532975, 32.01369052364823], [34.77300694329302, 32.013708124268355], [34.773047655679534, 32.013700717312794]]]]}"
Feature,"{'id': '111', 'taken': '0', 'ParkId': '1'}","{'type': 'MultiPolygon', 'coordinates': [[[[34.77305048676861, 32.01371670919436], [34.773047655679534, 32.013700717312794], [34.77300694329302, 32.013708124268355], [34.77300953630681, 32.01372371143474], [34.77305048676861, 32.01371670919436]]]]}"
Feature,"{'id': '112', 'taken': '0', 'ParkId': '1'}","{'type': 'MultiPolygon', 'coordinates': [[[[34.77289833061037, 32.01357650229094], [34.772895388421595, 32.01356004959859], [34.77285685005542, 32.01356693888346], [34.772860168311176, 32.01358344547629], [34.77289833061037, 32.01357650229094]]]]}"
Feature,"{'id': '113', 'taken': '0', 'ParkId': '1'}","{'type': 'MultiPolygon', 'coordinates': [[[[34.77292745211338, 32.01373934946626], [34.77292448250898, 32.013722743465934], [34.772885571450075, 32.01373010456778], [34.77288833800749, 32.01374607715613], [34.77292745211338, 32.01373934946626]]]]}"
Feature,"{'id': '114', 'taken': '0', 'ParkId': '1'}","{'type': 'MultiPolygon', 'coordinates': [[[[34.77292448250898, 32.013722743465934], [34.7729213888072, 32.01370544351424], [34.772882559234475, 32.013712713683546], [34.772885571450075, 32.01373010456778], [34.77292448250898, 32.013722743465934]]]]}"
Feature,"{'id': '115', 'taken': '0', 'ParkId': '1'}","{'type': 'MultiPolygon', 'coordinates': [[[[34.7729213888072, 32.01370544351424], [34.77291793089021, 32.01368610687442], [34.772879156252934, 32.013693066730646], [34.772882559234475, 32.013712713683546], [34.7729213888072, 32.01370544351424]]]]}"
Feature,"{'id': '116', 'taken': '0', 'ParkId': '1'}","{'type': 'MultiPolygon', 'coordinates': [[[[34.77291793089021, 32.01368610687442], [34.7729147985605, 32.013668590915664], [34.77287616712631, 32.01367580914954], [34.772879156252934, 32.013693066730646], [34.77291793089021, 32.01368610687442]]]]}"
Feature,"{'id': '117', 'taken': '0', 'ParkId': '1'}","{'type': 'MultiPolygon', 'coordinates': [[[[34.7729147985605, 32.013668590915664], [34.77291120971355, 32.013648522116746], [34.77287256752863, 32.01365502704262], [34.77287616712631, 32.01367580914954], [34.7729147985605, 32.013668590915664]]]]}"
Feature,"{'id': '118', 'taken': '0', 'ParkId': '1'}","{'type': 'MultiPolygon', 'coordinates': [[[[34.77291120971355, 32.013648522116746], [34.77290813063215, 32.01363130392206], [34.77286966597723, 32.01363827507293], [34.77287256752863, 32.01365502704262], [34.77291120971355, 32.013648522116746]]]]}"
Feature,"{'id': '119', 'taken': '0', 'ParkId': '1'}","{'type': 'MultiPolygon', 'coordinates': [[[[34.77290813063215, 32.01363130392206], [34.77290460508044, 32.013611589069555], [34.772866237068314, 32.013618478429514], [34.77286966597723, 32.01363827507293], [34.77290813063215, 32.01363130392206]]]]}"
Feature,"{'id': '120', 'taken': '0', 'ParkId': '1'}","{'type': 'MultiPolygon', 'coordinates': [[[[34.77290460508044, 32.013611589069555], [34.772901134466274, 32.01359218142724], [34.77286281792379, 32.01359873816038], [34.772866237068314, 32.013618478429514], [34.77290460508044, 32.013611589069555]]]]}"
Feature,"{'id': '121', 'taken': '0', 'ParkId': '1'}","{'type': 'MultiPolygon', 'coordinates': [[[[34.772901134466274, 32.01359218142724], [34.77289833061037, 32.01357650229094], [34.772860168311176, 32.01358344547629], [34.772860174229955, 32.013583474919116], [34.77286281792379, 32.01359873816038], [34.772901134466274, 32.01359218142724]]]]}"
Feature,"{'id': '42', 'taken': '0', 'ParkId': '4'}","{'type': 'MultiPolygon', 'coordinates': [[[[34.77336092254486, 32.015899073992884], [34.77336197265123, 32.01590733601107], [34.77336838676283, 32.015957800905184], [34.77341842126588, 32.01595107232309], [34.773412236084205, 32.01589999889846], [34.773411392261686, 32.01589303113131], [34.77336092254486, 32.015899073992884]]]]}"
